A0471,2017,A047
A0472,2017,A047
A925,2016,A928
C43111,2018,C4311
C43112,2018,C4311
C43121,2018,C4312
C43122,2018,C4312
C4A111,2018,C4A11
C4A112,2018,C4A11
C4A121,2018,C4A12
C4A122,2018,C4A12
C441021,2018,C44102
C441022,2018,C44102
C441091,2018,C44109
C441092,2018,C44109
C441121,2018,C44112
C441122,2018,C44112
C441191,2018,C44119
C441192,2018,C44119
C441221,2018,C44122
C441222,2018,C44122
C441291,2018,C44129
C441292,2018,C44129
C44131,2018,C4419
C441321,2018,C4419
C441322,2018,C4419
C441391,2018,C4419
C441392,2018,C4419
C441921,2018,C44192
C441922,2018,C44192
C441991,2018,C44199
C441992,2018,C44199
C49A0,2016,C494
C49A1,2016,C160
C49A2,2016,C169
C49A3,2016,C494
C49A4,2016,C494
C49A5,2016,C494
C49A9,2016,C496
C9620,2017,C962
C9621,2017,C962
C9622,2017,C962
C9629,2017,C962
D03111,2018,D0311
D03112,2018,D0311
D03121,2018,D0312
D03122,2018,D0312
D04111,2018,D0411
D04112,2018,D0411
D04121,2018,D0412
D04122,2018,D0412
D22111,2018,D2211
D22112,2018,D2211
D22121,2018,D2212
D22122,2018,D2212
D23111,2018,D2311
D23112,2018,D2311
D23121,2018,D2312
D23122,2018,D2312
D4701,2017,D470
D4702,2017,D470
D4709,2017,D470
D47Z2,2016,D479
D49511,2016,D495
D49512,2016,D495
D49519,2016,D495
D4959,2016,D495
D7831,2016,D7821
D7832,2016,D7822
D7833,2016,D7821
D7834,2016,D7822
D8940,2016,D8989
D8941,2016,D8989
D8942,2016,D8989
D8943,2016,D8989
D8949,2016,D8989
E083211,2016,E08321
E083212,2016,E08321
E083213,2016,E08321
E083219,2016,E08321
E083291,2016,E08329
E083292,2016,E08329
E083293,2016,E08329
E083299,2016,E08329
E083311,2016,E08331
E083312,2016,E08331
E083313,2016,E08331
E083319,2016,E08331
E083391,2016,E08339
E083392,2016,E08339
E083393,2016,E08339
E083399,2016,E08339
E083411,2016,E08341
E083412,2016,E08341
E083413,2016,E08341
E083419,2016,E08341
E083491,2016,E08349
E083492,2016,E08349
E083493,2016,E08349
E083499,2016,E08349
E083511,2016,E08351
E083512,2016,E08351
E083513,2016,E08351
E083519,2016,E08351
E083521,2016,E08351
E083522,2016,E08351
E083523,2016,E08351
E083529,2016,E08351
E083531,2016,E08351
E083532,2016,E08351
E083533,2016,E08351
E083539,2016,E08351
E083541,2016,E08351
E083542,2016,E08351
E083543,2016,E08351
E083549,2016,E08351
E083551,2016,E08351
E083552,2016,E08351
E083553,2016,E08351
E083559,2016,E08351
E083591,2016,E08359
E083592,2016,E08359
E083593,2016,E08359
E083599,2016,E08359
E0837X1,2016,E08311
E0837X2,2016,E08311
E0837X3,2016,E08311
E0837X9,2016,E08311
E093211,2016,E09321
E093212,2016,E09321
E093213,2016,E09321
E093219,2016,E09321
E093291,2016,E09329
E093292,2016,E09329
E093293,2016,E09329
E093299,2016,E09329
E093311,2016,E09331
E093312,2016,E09331
E093313,2016,E09331
E093319,2016,E09331
E093391,2016,E09339
E093392,2016,E09339
E093393,2016,E09339
E093399,2016,E09339
E093411,2016,E09341
E093412,2016,E09341
E093413,2016,E09341
E093419,2016,E09341
E093491,2016,E09349
E093492,2016,E09349
E093493,2016,E09349
E093499,2016,E09349
E093511,2016,E09351
E093512,2016,E09351
E093513,2016,E09351
E093519,2016,E09351
E093521,2016,E09351
E093522,2016,E09351
E093523,2016,E09351
E093529,2016,E09351
E093531,2016,E09351
E093532,2016,E09351
E093533,2016,E09351
E093539,2016,E09351
E093541,2016,E09351
E093542,2016,E09351
E093543,2016,E09351
E093549,2016,E09351
E093551,2016,E09351
E093552,2016,E09351
E093553,2016,E09351
E093559,2016,E09351
E093591,2016,E09359
E093592,2016,E09359
E093593,2016,E09359
E093599,2016,E09359
E0937X1,2016,E09311
E0937X2,2016,E09311
E0937X3,2016,E09311
E0937X9,2016,E09311
E103211,2016,E10321
E103212,2016,E10321
E103213,2016,E10321
E103219,2016,E10321
E103291,2016,E10329
E103292,2016,E10329
E103293,2016,E10329
E103299,2016,E10329
E103311,2016,E10331
E103312,2016,E10331
E103313,2016,E10331
E103319,2016,E10331
E103391,2016,E10339
E103392,2016,E10339
E103393,2016,E10339
E103399,2016,E10339
E103411,2016,E10341
E103412,2016,E10341
E103413,2016,E10341
E103419,2016,E10341
E103491,2016,E10349
E103492,2016,E10349
E103493,2016,E10349
E103499,2016,E10349
E103511,2016,E10351
E103512,2016,E10351
E103513,2016,E10351
E103519,2016,E10351
E103521,2016,E10351
E103522,2016,E10351
E103523,2016,E10351
E103529,2016,E10351
E103531,2016,E10351
E103532,2016,E10351
E103533,2016,E10351
E103539,2016,E10351
E103541,2016,E10351
E103542,2016,E10351
E103543,2016,E10351
E103549,2016,E10351
E103551,2016,E10351
E103552,2016,E10351
E103553,2016,E10351
E103559,2016,E10351
E103591,2016,E10359
E103592,2016,E10359
E103593,2016,E10359
E103599,2016,E10359
E1037X1,2016,E10311
E1037X2,2016,E10311
E1037X3,2016,E10311
E1037X9,2016,E10311
E1110,2017,E1169
E1111,2017,E1169
E1111,2017,R4020
E113211,2016,E11321
E113212,2016,E11321
E113213,2016,E11321
E113219,2016,E11321
E113291,2016,E11329
E113292,2016,E11329
E113293,2016,E11329
E113299,2016,E11329
E113311,2016,E11331
E113312,2016,E11331
E113313,2016,E11331
E113319,2016,E11331
E113391,2016,E11339
E113392,2016,E11339
E113393,2016,E11339
E113399,2016,E11339
E113411,2016,E11341
E113412,2016,E11341
E113413,2016,E11341
E113419,2016,E11341
E113491,2016,E11349
E113492,2016,E11349
E113493,2016,E11349
E113499,2016,E11349
E113511,2016,E11351
E113512,2016,E11351
E113513,2016,E11351
E113519,2016,E11351
E113521,2016,E11351
E113522,2016,E11351
E113523,2016,E11351
E113529,2016,E11351
E113531,2016,E11351
E113532,2016,E11351
E113533,2016,E11351
E113539,2016,E11351
E113541,2016,E11351
E113542,2016,E11351
E113543,2016,E11351
E113549,2016,E11351
E113551,2016,E11351
E113552,2016,E11351
E113553,2016,E11351
E113559,2016,E11351
E113591,2016,E11359
E113592,2016,E11359
E113593,2016,E11359
E113599,2016,E11359
E1137X2,2016,E11311
E1137X3,2016,E11311
E1137X9,2016,E11311
E113X11,2016,E11311
E133211,2016,E13321
E133212,2016,E13321
E133213,2016,E13321
E133219,2016,E13321
E133291,2016,E13329
E133292,2016,E13329
E133293,2016,E13329
E133299,2016,E13329
E133311,2016,E13331
E133312,2016,E13331
E133313,2016,E13331
E133319,2016,E13331
E133391,2016,E13339
E133392,2016,E13339
E133393,2016,E13339
E133399,2016,E13339
E133411,2016,E13341
E133412,2016,E13341
E133413,2016,E13341
E133419,2016,E13341
E133491,2016,E13349
E133492,2016,E13349
E133493,2016,E13349
E133499,2016,E13349
E133511,2016,E13351
E133512,2016,E13351
E133513,2016,E13351
E133519,2016,E13351
E133521,2016,E13351
E133522,2016,E13351
E133523,2016,E13351
E133529,2016,E13351
E133531,2016,E13351
E133532,2016,E13351
E133533,2016,E13351
E133539,2016,E13351
E133541,2016,E13351
E133542,2016,E13351
E133543,2016,E13351
E133549,2016,E13351
E133551,2016,E13351
E133552,2016,E13351
E133553,2016,E13351
E133559,2016,E13351
E133591,2016,E13359
E133592,2016,E13359
E133593,2016,E13359
E133599,2016,E13359
E1337X1,2016,E13311
E1337X2,2016,E13311
E1337X3,2016,E13311
E1337X9,2016,E13311
E7281,2018,E728
E7289,2018,E728
E7526,2018,E7529
E7800,2016,E780
E7801,2016,E780
E7841,2018,E784
E7849,2018,E784
E8581,2017,E858
E8582,2017,E858
E8589,2017,E858
E8802,2018,E8809
E89820,2016,E89810
E89821,2016,E89811
E89822,2016,E89810
E89823,2016,E89811
F1011,2017,F1010
F1111,2017,F1110
F1211,2017,F1210
F1223,2018,F12288
F1293,2018,F12988
F1311,2017,F1310
F1411,2017,F1410
F1511,2017,F1510
F1611,2017,F1610
F1811,2017,F1810
F1911,2017,F1910
F3281,2016,F328
F3289,2016,F328
F3481,2016,F348
F3489,2016,F348
F422,2016,F42
F423,2016,F42
F424,2016,L981
F428,2016,F42
F429,2016,F42
F5081,2016,F508
F5082,2017,F5089
F5089,2016,F508
F530,2018,F53
F531,2018,F53
F640,2016,F641
F68A,2018,F6810
F8082,2016,F8089
G1223,2017,G1229
G1224,2017,G1229
G1225,2017,G1221
G5131,2018,G513
G5132,2018,G513
G5133,2018,G513
G5139,2018,G513
G5603,2016,G5601
G5603,2016,G5602
G5613,2016,G5611
G5613,2016,G5612
G5623,2016,G5621
G5623,2016,G5622
G5633,2016,G5631
G5633,2016,G5632
G5643,2016,G5641
G5643,2016,G5642
G5683,2016,G5681
G5683,2016,G5682
G5693,2016,G5691
G5693,2016,G5692
G5703,2016,G5701
G5703,2016,G5702
G5713,2016,G5711
G5713,2016,G5712
G5723,2016,G5721
G5723,2016,G5722
G5733,2016,G5731
G5733,2016,G5732
G5743,2016,G5741
G5743,2016,G5742
G5753,2016,G5751
G5753,2016,G5752
G5763,2016,G5761
G5763,2016,G5762
G5773,2016,G5771
G5773,2016,G5772
G5783,2016,G5781
G5783,2016,G5782
G5793,2016,G5791
G5793,2016,G5792
G6182,2016,G6189
G7100,2018,G710
G7101,2018,G710
G7102,2018,G710
G7109,2018,G710
G9761,2016,G9751
G9762,2016,G9752
G9763,2016,G9751
G9764,2016,G9752
H0100A,2018,H01001
H0100A,2018,H01002
H0100B,2018,H01004
H0100B,2018,H01005
H0101A,2018,H01011
H0101A,2018,H01012
H0101B,2018,H01014
H0101B,2018,H01015
H0102A,2018,H01021
H0102A,2018,H01022
H0102B,2018,H01024
H0102B,2018,H01025
H02151,2018,H02101
H02151,2018,H02102
H02151,2018,H02103
H02151,2018,H02104
H02151,2018,H02105
H02151,2018,H02106
H02151,2018,H02109
H02152,2018,H02101
H02152,2018,H02102
H02152,2018,H02103
H02152,2018,H02104
H02152,2018,H02105
H02152,2018,H02106
H02152,2018,H02109
H02153,2018,H02101
H02153,2018,H02102
H02153,2018,H02103
H02153,2018,H02104
H02153,2018,H02105
H02153,2018,H02106
H02153,2018,H02109
H02154,2018,H02101
H02154,2018,H02102
H02154,2018,H02103
H02154,2018,H02104
H02154,2018,H02105
H02154,2018,H02106
H02154,2018,H02109
H02155,2018,H02101
H02155,2018,H02102
H02155,2018,H02103
H02155,2018,H02104
H02155,2018,H02105
H02155,2018,H02106
H02155,2018,H02109
H02156,2018,H02101
H02156,2018,H02102
H02156,2018,H02103
H02156,2018,H02104
H02156,2018,H02105
H02156,2018,H02106
H02156,2018,H02109
H02159,2018,H02101
H02159,2018,H02102
H02159,2018,H02103
H02159,2018,H02104
H02159,2018,H02105
H02159,2018,H02106
H02159,2018,H02109
H0220A,2018,H02201
H0220A,2018,H02202
H0220B,2018,H02204
H0220B,2018,H02205
H0220C,2018,H02201
H0220C,2018,H02202
H0220C,2018,H02204
H0220C,2018,H02205
H0221A,2018,H02211
H0221A,2018,H02212
H0221B,2018,H02214
H0221B,2018,H02215
H0221C,2018,H02211
H0221C,2018,H02212
H0221C,2018,H02214
H0221C,2018,H02215
H0222A,2018,H02221
H0222A,2018,H02222
H0222B,2018,H02224
H0222B,2018,H02225
H0222C,2018,H02221
H0222C,2018,H02222
H0222C,2018,H02224
H0222C,2018,H02225
H0223A,2018,H02231
H0223A,2018,H02232
H0223B,2018,H02234
H0223B,2018,H02235
H0223C,2018,H02231
H0223C,2018,H02232
H0223C,2018,H02234
H0223C,2018,H02235
H02881,2018,H0289
H02882,2018,H0289
H02883,2018,H0289
H02884,2018,H0289
H02885,2018,H0289
H02886,2018,H0289
H02889,2018,H0289
H0288A,2018,H0289
H0288B,2018,H0289
H10821,2018,H1089
H10822,2018,H1089
H10823,2018,H1089
H10829,2018,H1089
H348110,2016,H34811
H348111,2016,H34811
H348112,2016,H34811
H348120,2016,H34812
H348121,2016,H34812
H348122,2016,H34812
H348130,2016,H34813
H348131,2016,H34813
H348132,2016,H34813
H348190,2016,H34819
H348191,2016,H34819
H348192,2016,H34819
H348310,2016,H34831
H348311,2016,H34831
H348312,2016,H34831
H348320,2016,H34832
H348321,2016,H34832
H348322,2016,H34832
H348330,2016,H34833
H348331,2016,H34833
H348332,2016,H34833
H348390,2016,H34839
H348391,2016,H34839
H348392,2016,H34839
H353110,2016,H3531
H353111,2016,H3531
H353112,2016,H3531
H353113,2016,H3531
H353114,2016,H3531
H353120,2016,H3531
H353121,2016,H3531
H353122,2016,H3531
H353123,2016,H3531
H353124,2016,H3531
H353130,2016,H3531
H353131,2016,H3531
H353132,2016,H3531
H353133,2016,H3531
H353134,2016,H3531
H353190,2016,H3531
H353191,2016,H3531
H353192,2016,H3531
H353193,2016,H3531
H353194,2016,H3531
H353210,2016,H3532
H353211,2016,H3532
H353212,2016,H3532
H353213,2016,H3532
H353220,2016,H3532
H353221,2016,H3532
H353222,2016,H3532
H353223,2016,H3532
H353230,2016,H3532
H353231,2016,H3532
H353232,2016,H3532
H353233,2016,H3532
H353290,2016,H3532
H353291,2016,H3532
H353292,2016,H3532
H353293,2016,H3532
H401110,2016,H4011X0
H401111,2016,H4011X1
H401112,2016,H4011X2
H401113,2016,H4011X3
H401114,2016,H4011X4
H401120,2016,H4011X0
H401121,2016,H4011X1
H401122,2016,H4011X2
H401123,2016,H4011X3
H401124,2016,H4011X4
H401130,2016,H4011X0
H401131,2016,H4011X1
H401132,2016,H4011X2
H401133,2016,H4011X3
H401134,2016,H4011X4
H401190,2016,H4011X0
H401191,2016,H4011X1
H401192,2016,H4011X2
H401193,2016,H4011X3
H401194,2016,H4011X4
H442A1,2017,H4420
H442A1,2017,H4421
H442A1,2017,H4422
H442A1,2017,H4423
H442A1,2017,H35051
H442A1,2017,H35052
H442A1,2017,H35053
H442A1,2017,H35054
H442A1,2017,H35055
H442A1,2017,H35056
H442A1,2017,H35057
H442A1,2017,H35058
H442A1,2017,H35059
H442A1,2017,H4420-H4423andH35051-H35059
H442A2,2017,H4420-H4423andH35051-H35059
H442A3,2017,H4420-H4423andH35051-H35059
H442A9,2017,H4420-H4423andH35051-H35059
H442B1,2017,H4420-H4423andH3530
H442B2,2017,H4420-H4423andH3530
H442B3,2017,H4420-H4423andH3530
H442B9,2017,H4420-H4423andH3530
H442C1,2017,H4420-H4423andH332
H442C2,2017,H4420-H4423andH332
H442C3,2017,H4420-H4423andH332
H442C9,2017,H4420-H4423andH332
H442D1,2017,H4420-H4423
H442D2,2017,H4420-H4423
H442D3,2017,H4420-H4423
H442D9,2017,H4420-H4423
H442E1,2017,H4420-H4423
H442E2,2017,H4420-H4423
H442E3,2017,H4420-H4423
H442E9,2017,H4420-H4423
H53041,2016,H53001
H53042,2016,H53002
H53043,2016,H53003
H53049,2016,H53009
H540X33,2017,H540
H540X34,2017,H540
H540X35,2017,H540
H540X43,2017,H540
H540X44,2017,H540
H540X45,2017,H540
H540X53,2017,H540
H540X54,2017,H540
H540X55,2017,H540
H541131,2017,H5411
H541132,2017,H5411
H541141,2017,H5411
H541142,2017,H5411
H541151,2017,H5411
H541152,2017,H5411
H541213,2017,H5412
H541214,2017,H5412
H541215,2017,H5412
H541223,2017,H5412
H541224,2017,H5412
H541225,2017,H5412
H542X11,2017,H542
H542X12,2017,H542
H542X21,2017,H542
H542X22,2017,H542
H54413A,2017,H5441
H54414A,2017,H5441
H54415A,2017,H5441
H5442A3,2017,H5442
H5442A4,2017,H5442
H5442A5,2017,H5442
H54511A,2017,H5451
H54512A,2017,H5451
H5452A1,2017,H5452
H5452A2,2017,H5452
H57811,2018,H578
H57812,2018,H578
H57813,2018,H578
H57819,2018,H578
H5789,2018,H578
H59331,2016,H59311
H59332,2016,H59312
H59333,2016,H59313
H59339,2016,H59319
H59341,2016,H59321
H59342,2016,H59322
H59343,2016,H59323
H59349,2016,H59329
H59351,2016,H59311
H59352,2016,H59312
H59353,2016,H59313
H59359,2016,H59319
H59361,2016,H59321
H59362,2016,H59322
H59363,2016,H59323
H59369,2016,H59329
H90A11,2016,H902
H90A12,2016,H902
H90A21,2016,H905
H90A22,2016,H905
H90A31,2016,H908
H90A32,2016,H908
H93A1,2016,H9311
H93A2,2016,H9312
H93A3,2016,H9313
H93A9,2016,H9319
H9551,2016,H9541
H9552,2016,H9542
H9553,2016,H9541
H9554,2016,H9542
I160,2016,I10
I161,2016,I10
I169,2016,I10
I219,2017,I213
I21A1,2017,I213
I21A9,2017,I213
I2720,2017,I272
I2721,2017,I272
I2722,2017,I272
I2723,2017,I272
I2724,2017,I272
I2729,2017,I272
I2783,2017,I2789
I50810,2017,I509
I50811,2017,I509
I50812,2017,I509
I50813,2017,I509
I50814,2017,I509
I5082,2017,I509
I5083,2017,I509
I5084,2017,I509
I5089,2017,I509
I602,2016,I6020-I6022
I63013,2016,I63011ANDI63012
I63033,2016,I63031ANDI63032
I63113,2016,I63111ANDI63112
I63133,2016,I63131ANDI63132
I63213,2016,I63211ANDI63212
I63233,2016,I63231ANDI63232
I63313,2016,I63311ANDI63312
I63323,2016,I63321ANDI63322
I63333,2016,I63331ANDI63332
I63413,2016,I63411ANDI63412
I63423,2016,I63421ANDI63422
I63433,2016,I63431ANDI63432
I63513,2016,I63511ANDI63512
I63523,2016,I63521ANDI63522
I63533,2016,I63531ANDI63532
I63543,2016,I63541ANDI63542
I6381,2018,I638
I6389,2018,I638
I67850,2018,I6789
I67858,2018,I6789
I69010,2016,I6901
I69011,2016,I6901
I69012,2016,I6901
I69013,2016,I6901
I69014,2016,I6901
I69015,2016,I6901
I69018,2016,I6901
I69019,2016,I6901
I69110,2016,I6911
I69111,2016,I6911
I69112,2016,I6911
I69113,2016,I6911
I69114,2016,I6911
I69115,2016,I6911
I69118,2016,I6911
I69119,2016,I6911
I69210,2016,I6921
I69211,2016,I6921
I69212,2016,I6921
I69213,2016,I6921
I69214,2016,I6921
I69215,2016,I6921
I69218,2016,I6921
I69219,2016,I6921
I69310,2016,I6931
I69311,2016,I6931
I69312,2016,I6931
I69313,2016,I6931
I69314,2016,I6931
I69315,2016,I6931
I69318,2016,I6931
I69319,2016,I6931
I69810,2016,I6981
I69811,2016,I6981
I69812,2016,I6981
I69813,2016,I6981
I69814,2016,I6981
I69815,2016,I6981
I69818,2016,I6981
I69819,2016,I6981
I69910,2016,I6991
I69911,2016,I6991
I69912,2016,I6991
I69913,2016,I6991
I69914,2016,I6991
I69915,2016,I6991
I69918,2016,I6991
I69919,2016,I6991
I725,2016,I728
I726,2016,I728
I7770,2016,I7779
I7775,2016,I7779
I7776,2016,I7779
I7777,2016,I7779
I97620,2016,I9762
I97621,2016,I9762
I97622,2016,I9762
I97630,2016,I97610
I97631,2016,I97611
I97638,2016,I97618
I97640,2016,I97610
I97641,2016,I97611
I97648,2016,I97618
J95860,2016,J95830
J95861,2016,J95831
J95862,2016,J95830
J95863,2016,J95831
J9851,2016,J985
J9859,2016,J985
K0401,2016,K040
K0402,2016,K040
K05211,2016,K0521
K05212,2016,K0521
K05213,2016,K0521
K05219,2016,K0521
K05221,2016,K0522
K05222,2016,K0522
K05223,2016,K0522
K05229,2016,K0522
K05311,2016,K0531
K05312,2016,K0531
K05313,2016,K0531
K05319,2016,K0531
K05321,2016,K0532
K05322,2016,K0532
K05323,2016,K0532
K05329,2016,K0532
K06010,2017,K060
K06011,2017,K060
K06012,2017,K060
K06013,2017,K060
K06020,2017,K060
K06021,2017,K060
K06022,2017,K060
K06023,2017,K060
K063,2016,K068
K0881,2016,K088
K0882,2016,K088
K0889,2016,K088
K3520,2018,K352
K3521,2018,K352
K3530,2018,K353
K3531,2018,K353
K3532,2018,K353
K3533,2018,K353
K35890,2018,K3589
K35891,2018,K3589
K5221,2016,K522
K5222,2016,K522
K5229,2016,K522
K523,2016,K529
K52831,2016,K5289
K52832,2016,K5289
K52838,2016,K5289
K52839,2016,K5289
K55011,2016,K550
K55012,2016,K550
K55019,2016,K550
K55021,2016,K550
K55022,2016,K550
K55029,2016,K550
K55031,2016,K550
K55032,2016,K550
K55039,2016,K550
K55041,2016,K550
K55042,2016,K550
K55049,2016,K550
K55051,2016,K550
K55052,2016,K550
K55059,2016,K550
K55061,2016,K550
K55062,2016,K550
K55069,2016,K550
K5530,2016,K558
K5531,2016,K558
K5532,2016,K558
K5533,2016,K558
K5650,2017,K565
K5651,2017,K565
K5652,2017,K565
K56600,2017,K5660
K56601,2017,K5660
K56609,2017,K5660
K56690,2017,K5669
K56691,2017,K5669
K56699,2017,K5669
K581,2016,K589ANDK5900
K582,2016,K589
K588,2016,K589
K5903,2016,K5909ANDCodefromcategoriesT36-T50
K5904,2016,K5909
K5931,2016,K593
K5939,2016,K593
K6131,2018,K613
K6139,2018,K613
K615,2018,K613
K82A1,2018,K810
K82A2,2018,K822
K82A2,2018,K819
K8301,2018,K830
K8309,2018,K830
K8500,2016,K850
K8501,2016,K850
K8502,2016,K850
K8510,2016,K851
K8511,2016,K851
K8512,2016,K851
K8520,2016,K852
K8521,2016,K852
K8522,2016,K852
K8530,2016,K853
K8531,2016,K853
K8532,2016,K853
K8590,2016,K859
K8591,2016,K859
K8592,2016,K859
K8681,2016,K868
K8689,2016,K868
K9041,2016,K904
K9049,2016,K904
K9130,2017,K913
K9131,2017,K913
K9132,2017,K913
K91870,2016,K91840
K91871,2016,K91841
K91872,2016,K91840
K91873,2016,K91841
L03213,2016,H05011-H05013;H05019
L7631,2016,L7621
L7632,2016,L7622
L7633,2016,L7621
L7634,2016,L7622
L97105,2017,L97109
L97106,2017,L97109
L97108,2017,L97109
L97115,2017,L97119
L97116,2017,L97119
L97118,2017,L97119
L97125,2017,L97129
L97126,2017,L97129
L97128,2017,L97129
L97205,2017,L97209
L97206,2017,L97209
L97208,2017,L97209
L97215,2017,L97219
L97216,2017,L97219
L97218,2017,L97219
L97225,2017,L97229
L97226,2017,L97229
L97228,2017,L97229
L97305,2017,L97309
L97306,2017,L97309
L97308,2017,L97309
L97315,2017,L97319
L97316,2017,L97319
L97318,2017,L97319
L97325,2017,L97329
L97326,2017,L97329
L97328,2017,L97329
L97405,2017,L97409
L97406,2017,L97409
L97408,2017,L97409
L97415,2017,L97419
L97416,2017,L97419
L97418,2017,L97419
L97425,2017,L97429
L97426,2017,L97429
L97428,2017,L97429
L97505,2017,L97509
L97506,2017,L97509
L97508,2017,L97509
L97515,2017,L97519
L97516,2017,L97519
L97518,2017,L97519
L97525,2017,L97529
L97526,2017,L97529
L97528,2017,L97529
L97805,2017,L97809
L97806,2017,L97809
L97808,2017,L97809
L97815,2017,L97819
L97816,2017,L97819
L97818,2017,L97819
L97825,2017,L97829
L97826,2017,L97829
L97828,2017,L97829
L97905,2017,L97909
L97906,2017,L97909
L97908,2017,L97909
L97915,2017,L97919
L97916,2017,L97919
L97918,2017,L97919
L97925,2017,L97929
L97926,2017,L97929
L97928,2017,L97929
L987,2016,L988
L98415,2017,L98419
L98416,2017,L98419
L98418,2017,L98419
L98425,2017,L98429
L98426,2017,L98429
L98428,2017,L98429
L98495,2017,L98499
L98496,2017,L98499
L98498,2017,L98499
M041,2016,E850
M042,2016,L502
M048,2016,None
M049,2016,None
M21611,2016,M2011
M21612,2016,M2012
M21619,2016,M2010
M21621,2016,M2011
M21622,2016,M2012
M21629,2016,M2010
M25541,2016,M79641
M25542,2016,M79642
M25549,2016,M79643
M26601,2016,M2660
M26602,2016,M2660
M26603,2016,M2660
M26609,2016,M2660
M26611,2016,M2661
M26612,2016,M2661
M26613,2016,M2661
M26619,2016,M2661
M26621,2016,M2662
M26622,2016,M2662
M26623,2016,M2662
M26629,2016,M2662
M26631,2016,M2663
M26632,2016,M2663
M26633,2016,M2663
M26639,2016,M2663
M3303,2017,M3300
M3313,2017,M3310
M3393,2017,M3390
M48061,2017,M4806
M48062,2017,M4806
M50020,2016,M5002
M50021,2016,M5002
M50022,2016,M5002
M50023,2016,M5002
M50120,2016,M5012
M50121,2016,M5012
M50122,2016,M5012
M50123,2016,M5012
M50220,2016,M5022
M50221,2016,M5022
M50222,2016,M5022
M50223,2016,M5022
M50320,2016,M5032
M50321,2016,M5032
M50322,2016,M5032
M50323,2016,M5032
M50820,2016,M5082
M50821,2016,M5082
M50822,2016,M5082
M50823,2016,M5082
M50920,2016,M5092
M50921,2016,M5092
M50922,2016,M5092
M50923,2016,M5092
M6284,2016,R64
M7910,2018,M791
M7911,2018,M791
M7912,2018,M791
M7918,2018,M791
M84750A,2016,"S728X1A,S728X2A,S728X9A"
M84750D,2016,"S728X1D,S728X2D,S728X9D"
M84750G,2016,"S728X1G,S728X2G,S728X9G"
M84750K,2016,"S728X1K,S728X2K,S728X9K"
M84750P,2016,"S728X1P,S728X2P,S728X9P"
M84750S,2016,"S728X1S,S728X2S,S728X9S"
M84751A,2016,"S728X1A,S728X2A,S728X9A"
M84751D,2016,"S728X1D,S728X2D,S728X9D"
M84751G,2016,"S728X1G,S728X2G,S728X9G"
M84751K,2016,"S728X1K,S728X2K,S728X9K"
M84751P,2016,"S728X1P,S728X2P,S728X9P"
M84751S,2016,"S728X1S,S728X2S,S728X9S"
M84752A,2016,"S728X1A,S728X2A,S728X9A"
M84752D,2016,"S728X1D,S728X2D,S728X9D"
M84752G,2016,"S728X1G,S728X2G,S728X9G"
M84752K,2016,"S728X1K,S728X2K,S728X9K"
M84752P,2016,"S728X1P,S728X2P,S728X9P"
M84752S,2016,"S728X1S,S728X2S,S728X9S"
M84753A,2016,"S728X1A,S728X2A,S728X9A"
M84753D,2016,"S728X1D,S728X2D,S728X9D"
M84753G,2016,"S728X1G,S728X2G,S728X9G"
M84753K,2016,"S728X1K,S728X2K,S728X9K"
M84753P,2016,"S728X1P,S728X2P,S728X9P"
M84753S,2016,"S728X1S,S728X2S,S728X9S"
M84754A,2016,"S728X1A,S728X2A,S728X9A"
M84754D,2016,"S728X1D,S728X2D,S728X9D"
M84754G,2016,"S728X1G,S728X2G,S728X9G"
M84754K,2016,"S728X1K,S728X2K,S728X9K"
M84754P,2016,"S728X1P,S728X2P,S728X9P"
M84754S,2016,"S728X1S,S728X2S,S728X9S"
M84755A,2016,"S728X1A,S728X2A,S728X9A"
M84755D,2016,"S728X1D,S728X2D,S728X9D"
M84755G,2016,"S728X1G,S728X2G,S728X9G"
M84755K,2016,"S728X1K,S728X2K,S728X9K"
M84755P,2016,"S728X1P,S728X2P,S728X9P"
M84755S,2016,"S728X1S,S728X2S,S728X9S"
M84756A,2016,"S728X1A,S728X2A,S728X9A"
M84756D,2016,"S728X1D,S728X2D,S728X9D"
M84756G,2016,"S728X1G,S728X2G,S728X9G"
M84756K,2016,"S728X1K,S728X2K,S728X9K"
M84756P,2016,"S728X1P,S728X2P,S728X9P"
M84756S,2016,"S728X1S,S728X2S,S728X9S"
M84757A,2016,"S728X1A,S728X2A,S728X9A"
M84757D,2016,"S728X1D,S728X2D,S728X9D"
M84757G,2016,"S728X1G,S728X2G,S728X9G"
M84757K,2016,"S728X1K,S728X2K,S728X9K"
M84757P,2016,"S728X1P,S728X2P,S728X9P"
M84757S,2016,"S728X1S,S728X2S,S728X9S"
M84759A,2016,"S728X1A,S728X2A,S728X9A"
M84759D,2016,"S728X1D,S728X2D,S728X9D"
M84759G,2016,"S728X1G,S728X2G,S728X9G"
M84759K,2016,"S728X1K,S728X2K,S728X9K"
M84759P,2016,"S728X1P,S728X2P,S728X9P"
M84759S,2016,"S728X1S,S728X2S,S728X9S"
M96840,2016,M96830
M96841,2016,M96831
M96842,2016,M96830
M96843,2016,M96831
M9701XA,2016,T84040A
M9701XD,2016,T84040D
M9701XS,2016,T84040S
M9702XA,2016,T84041A
M9702XD,2016,T84041D
M9702XS,2016,T84041S
M9711XA,2016,T84042A
M9711XD,2016,T84042D
M9711XS,2016,T84042S
M9712XA,2016,T84043A
M9712XD,2016,T84043D
M9712XS,2016,T84043S
M9721XA,2016,T84048A
M9721XD,2016,T84048D
M9721XS,2016,T84048S
M9722XA,2016,T84048A
M9722XD,2016,T84048D
M9722XS,2016,T84048S
M9731XA,2016,T84048A
M9731XD,2016,T84048D
M9731XS,2016,T84048S
M9732XA,2016,T84048A
M9732XD,2016,T84048D
M9732XS,2016,T84048S
M9741XA,2016,T84048A
M9741XD,2016,T84048D
M9741XS,2016,T84048S
M9742XA,2016,T84048A
M9742XD,2016,T84048D
M9742XS,2016,T84048S
M978XXA,2016,T84048A
M978XXD,2016,T84048D
M978XXS,2016,T84048D
M979XXA,2016,T84049A
M979XXD,2016,T84049D
M979XXS,2016,T84049S
N130,2016,N131
N35016,2018,N35014
N35116,2018,N35114
N35811,2018,N358
N35812,2018,N358
N35813,2018,N358
N35814,2018,N358
N35816,2018,N358
N35819,2018,N358
N3582,2018,N358
N35911,2018,N359
N35912,2018,N359
N35913,2018,N359
N35914,2018,N359
N35916,2018,N359
N35919,2018,N359
N3592,2018,N359
N39491,2016,N39498
N39492,2016,N39498
N4230,2016,N423
N4231,2016,N423
N4232,2016,N423
N4239,2016,N423
N50811,2016,N508
N50812,2016,N508
N50819,2016,N508
N5082,2016,N508
N5089,2016,N508
N5235,2016,N5239
N5236,2016,N5239
N5237,2016,N5239
N610,2016,N61
N611,2016,N61
N630,2017,N63
N6310,2017,N63
N6311,2017,N63
N6312,2017,N63
N6313,2017,N63
N6314,2017,N63
N6320,2017,N63
N6321,2017,N63
N6322,2017,N63
N6323,2017,N63
N6324,2017,N63
N6331,2017,N63
N6332,2017,N63
N6341,2017,N63
N6342,2017,N63
N8300,2016,N830
N8301,2016,N830
N8302,2016,N830
N8310,2016,N831
N8311,2016,N831
N8312,2016,N831
N83201,2016,N8320
N83202,2016,N8320
N83209,2016,N8320
N83291,2016,N8329
N83292,2016,N8329
N83299,2016,N8329
N83311,2016,N8331
N83312,2016,N8331
N83319,2016,N8331
N83321,2016,N8332
N83322,2016,N8332
N83329,2016,N8332
N83331,2016,N8333
N83332,2016,N8333
N83339,2016,N8333
N8340,2016,N834
N8341,2016,N834
N8342,2016,N834
N83511,2016,N8351
N83512,2016,N8351
N83519,2016,N8351
N83521,2016,N8352
N83522,2016,N8352
N83529,2016,N8352
N9060,2016,N906
N9061,2016,N906
N9069,2016,N906
N9410,2016,N941
N9411,2016,N941
N9412,2016,N941
N9419,2016,N941
N99115,2016,N99114
N99116,2018,N99114
N99523,2016,N99528
N99524,2016,N99528
N99533,2016,N99538
N99534,2016,N99538
N99840,2016,N99820
N99841,2016,N99821
N99842,2016,N99820
N99843,2016,N99821
O0000,2016,O000
O0001,2016,O000
O0010,2016,O001
O00101,2017,O0010
O00102,2017,O0010
O00109,2017,O0010
O0011,2016,O001
O00111,2017,O0011
O00112,2017,O0011
O00119,2017,O0011
O0020,2016,O002
O00201,2017,O0020
O00202,2017,O0020
O00209,2017,O0020
O0021,2016,O002
O00211,2017,O0021
O00212,2017,O0021
O00219,2017,O0021
O0080,2016,O008
O0081,2016,O008
O0090,2016,O009
O0091,2016,O009
O09A0,2016,O0910
O09A1,2016,O0911
O09A2,2016,O0912
O09A3,2016,O0913
O114,2016,O119
O115,2016,O119
O1204,2016,O1200
O1205,2016,O1200
O1214,2016,O1210
O1215,2016,O1210
O1224,2016,O1220
O1225,2016,O1220
O134,2016,O139
O135,2016,O139
O1404,2016,O1400
O1405,2016,O1400
O1414,2016,O1410
O1415,2016,O1410
O1424,2016,O1420
O1425,2016,O1420
O1494,2016,O1490
O1495,2016,O1490
O164,2016,O169
O165,2016,O169
O24415,2016,O24419
O24425,2016,O24429
O24435,2016,O24439
O30131,2018,O30101
O30132,2018,O30101
O30133,2018,O30101
O30139,2018,O30101
O30231,2018,O30201
O30232,2018,O30201
O30233,2018,O30201
O30239,2018,O30201
O30831,2018,O30801
O30832,2018,O30801
O30833,2018,O30801
O30839,2018,O30801
O337XX0,2016,O337
O337XX1,2016,O337
O337XX2,2016,O337
O337XX3,2016,O337
O337XX4,2016,O337
O337XX5,2016,O337
O337XX9,2016,O337
O34211,2016,O3421
O34212,2016,O3421
O34219,2016,O3421
O368310,2017,O368910
O368311,2017,O368911
O368312,2017,O368912
O368313,2017,O368913
O368314,2017,O368914
O368315,2017,O368915
O368319,2017,O368919
O368320,2017,O368920
O368321,2017,O368921
O368322,2017,O368922
O368323,2017,O368923
O368324,2017,O368924
O368325,2017,O368925
O368329,2017,O368929
O368330,2017,O368930
O368331,2017,O368931
O368332,2017,O368932
O368333,2017,O368933
O368334,2017,O368934
O368335,2017,O368935
O368339,2017,O368939
O368390,2017,O368990
O368391,2017,O368991
O368392,2017,O368992
O368393,2017,O368993
O368394,2017,O368994
O368395,2017,O368995
O368399,2017,O368999
O4420,2016,O4400
O4420,2016,O4400
O4421,2016,O4401
O4421,2016,O4401
O4422,2016,O4402
O4422,2016,O4402
O4423,2016,O4403
O4423,2016,O4403
O4430,2016,O4410
O4430,2016,O4410
O4431,2016,O4411
O4431,2016,O4411
O4432,2016,O4412
O4432,2016,O4412
O4433,2016,O4413
O4433,2016,O4413
O4440,2016,O4400
O4441,2016,O4401
O4442,2016,O4402
O4443,2016,O4403
O4450,2016,O4410
O4451,2016,O4411
O4452,2016,O4412
O4453,2016,O4413
O7020,2016,O702
O7021,2016,O702
O7022,2016,O702
O7023,2016,O702
O8600,2018,O860
O8601,2018,O860
O8602,2018,O860
O8603,2018,O860
O8604,2018,O860
O8609,2018,O860
P0270,2018,P027
P0278,2018,P027
P0411,2018,P041
P0412,2018,P041
P0413,2018,P041
P0414,2018,P041
P0415,2018,P041
P0416,2018,P041
P0417,2018,P041
P041A,2018,P041
P0418,2018,P041
P0419,2018,P041
P0440,2018,P0449
P0442,2018,P0449
P0481,2018,P048
P0489,2018,P048
P0509,2016,None
P0519,2016,None
P2930,2017,P293
P2938,2017,P293
P354,2018,P358andA925
P7421,2018,P742
P7422,2018,P742
P7431,2018,P743
P7432,2018,P743
P7441,2018,P744
P74421,2018,P744
P74422,2018,P744
P7449,2018,P744
P7884,2017,P7889;E83118
P8381,2017,L929
P8388,2017,P838
P91811,2017,P918
P91819,2017,P918
P9188,2017,P918
Q2521,2016,Q252
Q2529,2016,Q252
Q2540,2016,Q254
Q2541,2016,Q254
Q2542,2016,Q254
Q2543,2016,Q254
Q2544,2016,Q254
Q2545,2016,Q254
Q2546,2016,Q254
Q2547,2016,Q254
Q2548,2016,Q254
Q2549,2016,Q254
Q5120,2018,Q512
Q5121,2018,Q512
Q5122,2018,Q512
Q5128,2018,Q512
Q52120,2016,Q2512
Q52121,2016,Q2512
Q52122,2016,Q2512
Q52123,2016,Q2512
Q52124,2016,Q2512
Q52129,2016,Q2512
Q53111,2017,Q5311
Q53112,2017,Q5311
Q5313,2017,Q5311
Q53211,2017,Q5321
Q53212,2017,Q5321
Q5323,2017,Q5321
Q6621,2016,Q662
Q6622,2016,Q662
Q826,2016,"L0501,L0591"
Q8782,2016,Q8789
Q9351,2018,Q935
Q9359,2018,Q935
Q9382,2018,Q9389
R0603,2017,R0600
R29700,2016,None
R29701,2016,None
R29702,2016,None
R29703,2016,None
R29704,2016,None
R29705,2016,None
R29706,2016,None
R29707,2016,None
R29708,2016,None
R29709,2016,None
R29710,2016,None
R29711,2016,None
R29712,2016,None
R29713,2016,None
R29714,2016,None
R29715,2016,None
R29716,2016,None
R29717,2016,None
R29718,2016,None
R29719,2016,None
R29720,2016,None
R29721,2016,None
R29722,2016,None
R29723,2016,None
R29724,2016,None
R29725,2016,None
R29726,2016,None
R29727,2016,None
R29728,2016,None
R29729,2016,None
R29730,2016,None
R29731,2016,None
R29732,2016,None
R29733,2016,None
R29734,2016,None
R29735,2016,None
R29736,2016,None
R29737,2016,None
R29738,2016,None
R29739,2016,None
R29740,2016,None
R29741,2016,None
R29742,2016,None
R3121,2016,R312
R3129,2016,R312
R39191,2016,R3119
R39192,2016,R3119
R39198,2016,R3119
R3982,2016,R3989
R3983,2017,R3989
R3984,2017,R3989
R402410,2016,R40241
R402411,2016,R40241
R402412,2016,R40241
R402413,2016,R40241
R402414,2016,R40241
R402420,2016,R40242
R402421,2016,R40242
R402422,2016,R40242
R402423,2016,R40242
R402424,2016,R40242
R402430,2016,R40243
R402431,2016,R40243
R402432,2016,R40243
R402433,2016,R40243
R402434,2016,R40243
R402440,2016,R40244
R402441,2016,R40244
R402442,2016,R40244
R402443,2016,R40244
R402444,2016,R40244
R7303,2016,R7309
R8271,2016,R827
R8279,2016,R827
R82991,2018,R8299
R82992,2018,R8299
R82993,2018,R8299
R82994,2018,R8299
R82998,2018,R8299
R9341,2016,R934
R93421,2016,R934
R93422,2016,R934
R93429,2016,R934
R9349,2016,R934
R93811,2018,R938
R93812,2018,R938
R93813,2018,R938
R93819,2018,R938
R9389,2018,R938
R9720,2016,R972
R9721,2016,R972
S02101A,2016,S0210XA
S02101B,2016,S0210XB
S02101D,2016,S0210XD
S02101G,2016,S0210XG
S02101K,2016,S0210XK
S02101S,2016,S0210XS
S02102A,2016,S0210XA
S02102B,2016,S0210XB
S02102D,2016,S0210XD
S02102G,2016,S0210XG
S02102K,2016,S0210XK
S02102S,2016,S0210XS
S02109A,2016,S0210XA
S02109B,2016,S0210XB
S02109D,2016,S0210XD
S02109G,2016,S0210XG
S02109K,2016,S0210XK
S02109S,2016,S0210XS
S0211AA,2016,S02110A
S0211AB,2016,S02110B
S0211AD,2016,S02110D
S0211AG,2016,S02110G
S0211AK,2016,S02110K
S0211AS,2016,S02110S
S0211BA,2016,S02110A
S0211BB,2016,S02110B
S0211BD,2016,S02110D
S0211BG,2016,S02110G
S0211BK,2016,S02110K
S0211BS,2016,S02110S
S0211CA,2016,S02111A
S0211CB,2016,S02111B
S0211CD,2016,S02111D
S0211CG,2016,S02111G
S0211CK,2016,S02111K
S0211CS,2016,S02111S
S0211DA,2016,S02111A
S0211DB,2016,S02111B
S0211DD,2016,S02111D
S0211DG,2016,S02111G
S0211DK,2016,S02111K
S0211DS,2016,S02111S
S0211EA,2016,S02112A
S0211EB,2016,S02112B
S0211ED,2016,S02112D
S0211EG,2016,S02112G
S0211EK,2016,S02112K
S0211ES,2016,S02112S
S0211FA,2016,S02112A
S0211FB,2016,S02112B
S0211FD,2016,S02112D
S0211FG,2016,S02112G
S0211FK,2016,S02112K
S0211FS,2016,S02112S
S0211GA,2016,S02118A
S0211GB,2016,S02118B
S0211GD,2016,S02118D
S0211GG,2016,S02118G
S0211GK,2016,S02118K
S0211GS,2016,S02118S
S0211HA,2016,S02118A
S0211HB,2016,S02118B
S0211HD,2016,S02118D
S0211HG,2016,S02118G
S0211HK,2016,S02118K
S0211HS,2016,S02118S
S0230XA,2016,S023XXA
S0230XB,2016,S023XXB
S0230XD,2016,S023XXD
S0230XG,2016,S023XXG
S0230XK,2016,S023XXK
S0230XS,2016,S023XXS
S0231XA,2016,S023XXA
S0231XB,2016,S023XXB
S0231XD,2016,S023XXD
S0231XG,2016,S023XXG
S0231XK,2016,S023XXK
S0231XS,2016,S023XXS
S0232XA,2016,S023XXA
S0232XB,2016,S023XXB
S0232XD,2016,S023XXD
S0232XG,2016,S023XXG
S0232XK,2016,S023XXK
S0232XS,2016,S023XXS
S0240AA,2016,S02400A
S0240AB,2016,S02400B
S0240AD,2016,S02400D
S0240AG,2016,S02400G
S0240AK,2016,S02400K
S0240AS,2016,S02400S
S0240BA,2016,S02400A
S0240BB,2016,S02400B
S0240BD,2016,S02400D
S0240BG,2016,S02400G
S0240BK,2016,S02400K
S0240BS,2016,S02400S
S0240CA,2016,S02401A
S0240CB,2016,S02401B
S0240CD,2016,S02401D
S0240CG,2016,S02401G
S0240CK,2016,S02401K
S0240CS,2016,S02401S
S0240DA,2016,S02401A
S0240DB,2016,S02401B
S0240DD,2016,S02401D
S0240DG,2016,S02401G
S0240DK,2016,S02401K
S0240DS,2016,S02401S
S0240EA,2016,S02402A
S0240EB,2016,S02402B
S0240ED,2016,S02402D
S0240EG,2016,S02402G
S0240EK,2016,S02402K
S0240ES,2016,S02402S
S0240FA,2016,S02402A
S0240FB,2016,S02402B
S0240FD,2016,S02402D
S0240FG,2016,S02402G
S0240FK,2016,S02402K
S0240FS,2016,S02402S
S02601A,2016,S02600A
S02601B,2016,S02600B
S02601D,2016,S02600D
S02601G,2016,S02600G
S02601K,2016,S02600K
S02601S,2016,S02600S
S02602A,2016,S02600A
S02602B,2016,S02600B
S02602D,2016,S02600D
S02602G,2016,S02600G
S02602K,2016,S02600K
S02602S,2016,S02600S
S02610A,2016,S0261XA
S02610B,2016,S0261XB
S02610D,2016,S0261XD
S02610G,2016,S0261XG
S02610K,2016,S0261XK
S02610S,2016,S0261XS
S02611A,2016,S0261XA
S02611B,2016,S0261XB
S02611D,2016,S0261XD
S02611G,2016,S0261XG
S02611K,2016,S0261XK
S02611S,2016,S0261XS
S02612A,2016,S0261XA
S02612B,2016,S0261XB
S02612D,2016,S0261XD
S02612G,2016,S0261XG
S02612K,2016,S0261XK
S02612S,2016,S0261XS
S02620A,2016,S0262XA
S02620B,2016,S0262XB
S02620D,2016,S0262XD
S02620G,2016,S0262XG
S02620K,2016,S0262XK
S02620S,2016,S0262XS
S02621A,2016,S0262XA
S02621B,2016,S0262XB
S02621D,2016,S0262XD
S02621G,2016,S0262XG
S02621K,2016,S0262XK
S02621S,2016,S0262XS
S02622A,2016,S0262XA
S02622B,2016,S0262XB
S02622D,2016,S0262XD
S02622G,2016,S0262XG
S02622K,2016,S0262XK
S02622S,2016,S0262XS
S02630A,2016,S0263XA
S02630B,2016,S0263XB
S02630D,2016,S0263XD
S02630G,2016,S0263XG
S02630K,2016,S0263XK
S02630S,2016,S0263XS
S02631A,2016,S0263XA
S02631B,2016,S0263XB
S02631D,2016,S0263XD
S02631G,2016,S0263XG
S02631K,2016,S0263XK
S02631S,2016,S0263XS
S02632A,2016,S0263XA
S02632B,2016,S0263XB
S02632D,2016,S0263XD
S02632G,2016,S0263XG
S02632K,2016,S0263XK
S02632S,2016,S0263XS
S02640A,2016,S0264XA
S02640B,2016,S0264XB
S02640D,2016,S0264XD
S02640G,2016,S0264XG
S02640K,2016,S0264XK
S02640S,2016,S0264XS
S02641A,2016,S0264XA
S02641B,2016,S0264XB
S02641D,2016,S0264XD
S02641G,2016,S0264XG
S02641K,2016,S0264XK
S02641S,2016,S0264XS
S02642A,2016,S0264XA
S02642B,2016,S0264XB
S02642D,2016,S0264XD
S02642G,2016,S0264XG
S02642K,2016,S0264XK
S02642S,2016,S0264XS
S02650A,2016,S0265XA
S02650B,2016,S0265XB
S02650D,2016,S0265XD
S02650G,2016,S0265XG
S02650K,2016,S0265XK
S02650S,2016,S0265XS
S02651A,2016,S0265XA
S02651B,2016,S0265XB
S02651D,2016,S0265XD
S02651G,2016,S0265XG
S02651K,2016,S0265XK
S02651S,2016,S0265XS
S02652A,2016,S0265XA
S02652B,2016,S0265XB
S02652D,2016,S0265XD
S02652G,2016,S0265XG
S02652K,2016,S0265XK
S02652S,2016,S0265XS
S02670A,2016,S0267XA
S02670B,2016,S0267XB
S02670D,2016,S0267XD
S02670G,2016,S0267XG
S02670K,2016,S0267XK
S02670S,2016,S0267XS
S02671A,2016,S0267XA
S02671B,2016,S0267XB
S02671D,2016,S0267XD
S02671G,2016,S0267XG
S02671K,2016,S0267XK
S02671S,2016,S0267XS
S02672A,2016,S0267XA
S02672B,2016,S0267XB
S02672D,2016,S0267XD
S02672G,2016,S0267XG
S02672K,2016,S0267XK
S02672S,2016,S0267XS
S0280XA,2016,S028XXA
S0280XB,2016,S028XXB
S0280XD,2016,S028XXD
S0280XG,2016,S028XXG
S0280XK,2016,S028XXK
S0280XS,2016,S028XXS
S0281XA,2016,S028XXA
S0281XB,2016,S028XXB
S0281XD,2016,S028XXD
S0281XG,2016,S028XXG
S0281XK,2016,S028XXK
S0281XS,2016,S028XXS
S0282XA,2016,S028XXA
S0282XB,2016,S028XXB
S0282XD,2016,S028XXD
S0282XG,2016,S028XXG
S0282XK,2016,S028XXK
S0282XS,2016,S028XXS
S0300XA,2016,S030XXA
S0300XD,2016,S030XXD
S0300XS,2016,S030XXS
S0301XA,2016,S030XXA
S0301XD,2016,S030XXD
S0301XS,2016,S030XXS
S0302XA,2016,S030XXA
S0302XD,2016,S030XXD
S0302XS,2016,S030XXS
S0303XA,2016,S030XXA
S0303XD,2016,S030XXD
S0303XS,2016,S030XXS
S0340XA,2016,S034XXA
S0340XD,2016,S034XXD
S0340XS,2016,S034XXS
S0341XA,2016,S034XXA
S0341XD,2016,S034XXD
S0341XS,2016,S034XXS
S0342XA,2016,S034XXA
S0342XD,2016,S034XXD
S0342XS,2016,S034XXS
S0343XA,2016,S034XXA
S0343XD,2016,S034XXD
S0343XS,2016,S034XXS
S92811A,2016,S92901A
S92811B,2016,S92901B
S92811D,2016,S92901D
S92811G,2016,S92901G
S92811K,2016,S92901K
S92811P,2016,S92901P
S92811S,2016,S92901S
S92812A,2016,S92902A
S92812B,2016,S92902B
S92812D,2016,S92902D
S92812G,2016,S92902G
S92812K,2016,S92902K
S92812P,2016,S92902P
S92812S,2016,S92902S
S92819A,2016,S92909A
S92819B,2016,S92909B
S92819D,2016,S92909D
S92819G,2016,S92909G
S92819K,2016,S92909K
S92819P,2016,S92909P
S92819S,2016,S92909S
S99001A,2016,S92001A
S99001B,2016,S92001B
S99001D,2016,S92001D
S99001G,2016,S92001G
S99001K,2016,S92001K
S99001P,2016,S92001P
S99001S,2016,S92001S
S99002A,2016,S92002A
S99002B,2016,S92002B
S99002D,2016,S92002D
S99002G,2016,S92002G
S99002K,2016,S92002K
S99002P,2016,S92002P
S99002S,2016,S92002S
S99009A,2016,S92009A
S99009B,2016,S92009B
S99009D,2016,S92009D
S99009G,2016,S92009G
S99009K,2016,S92009K
S99009P,2016,S92009P
S99009S,2016,S92009S
S99011A,2016,S92001A
S99011B,2016,S92001B
S99011D,2016,S92001D
S99011G,2016,S92001G
S99011K,2016,S92001K
S99011P,2016,S92001P
S99011S,2016,S92001S
S99012A,2016,S92002A
S99012B,2016,S92002B
S99012D,2016,S92002D
S99012G,2016,S92002G
S99012K,2016,S92002K
S99012P,2016,S92002P
S99012S,2016,S92002S
S99019A,2016,S92009A
S99019B,2016,S92009B
S99019D,2016,S92009D
S99019G,2016,S92009G
S99019K,2016,S92009K
S99019P,2016,S92009P
S99019S,2016,S92009S
S99021A,2016,S92009A
S99021B,2016,S92009B
S99021D,2016,S92009D
S99021G,2016,S92009G
S99021K,2016,S92009K
S99021P,2016,S92009P
S99021S,2016,S92009S
S99022A,2016,S92009A
S99022B,2016,S92009B
S99022D,2016,S92009D
S99022G,2016,S92009G
S99022K,2016,S92009K
S99022P,2016,S92009P
S99022S,2016,S92009S
S99029A,2016,S92009A
S99029B,2016,S92009B
S99029D,2016,S92009D
S99029G,2016,S92009G
S99029K,2016,S92009K
S99029P,2016,S92009P
S99029S,2016,S92009S
S99031A,2016,S92009A
S99031B,2016,S92009B
S99031D,2016,S92009D
S99031G,2016,S92009G
S99031K,2016,S92009K
S99031P,2016,S92009P
S99031S,2016,S92009S
S99032A,2016,S92009A
S99032B,2016,S92009B
S99032D,2016,S92009D
S99032G,2016,S92009G
S99032K,2016,S92009K
S99032P,2016,S92009P
S99032S,2016,S92009S
S99039A,2016,S92009A
S99039B,2016,S92009B
S99039D,2016,S92009D
S99039G,2016,S92009G
S99039K,2016,S92009K
S99039P,2016,S92009P
S99039S,2016,S92009S
S99041A,2016,S92009A
S99041B,2016,S92009B
S99041D,2016,S92009D
S99041G,2016,S92009G
S99041K,2016,S92009K
S99041P,2016,S92009P
S99041S,2016,S92009S
S99042A,2016,S92009A
S99042B,2016,S92009B
S99042D,2016,S92009D
S99042G,2016,S92009G
S99042K,2016,S92009K
S99042P,2016,S92009P
S99042S,2016,S92009S
S99049A,2016,S92009A
S99049B,2016,S92009B
S99049D,2016,S92009D
S99049G,2016,S92009G
S99049K,2016,S92009K
S99049P,2016,S92009P
S99049S,2016,S92009S
S99091A,2016,S92009A
S99091B,2016,S92009B
S99091D,2016,S92009D
S99091G,2016,S92009G
S99091K,2016,S92009K
S99091P,2016,S92009P
S99091S,2016,S92009S
S99092A,2016,S92009A
S99092B,2016,S92009B
S99092D,2016,S92009D
S99092G,2016,S92009G
S99092K,2016,S92009K
S99092P,2016,S92009P
S99092S,2016,S92009S
S99099A,2016,S92009A
S99099B,2016,S92009B
S99099D,2016,S92009D
S99099G,2016,S92009G
S99099K,2016,S92009K
S99099P,2016,S92009P
S99099S,2016,S92009S
S99101A,2016,S92009A
S99101B,2016,S92009B
S99101D,2016,S92009D
S99101G,2016,S92009G
S99101K,2016,S92009K
S99101P,2016,S92009P
S99101S,2016,S92009S
S99102A,2016,S92009A
S99102B,2016,S92009B
S99102D,2016,S92009D
S99102G,2016,S92009G
S99102K,2016,S92009K
S99102P,2016,S92009P
S99102S,2016,S92009S
S99109A,2016,S92009A
S99109B,2016,S92009B
S99109D,2016,S92009D
S99109G,2016,S92009G
S99109K,2016,S92009K
S99109P,2016,S92009P
S99109S,2016,S92009S
S99111A,2016,S92009A
S99111B,2016,S92009B
S99111D,2016,S92009D
S99111G,2016,S92009G
S99111K,2016,S92009K
S99111P,2016,S92009P
S99111S,2016,S92009S
S99112A,2016,S92009A
S99112B,2016,S92009B
S99112D,2016,S92009D
S99112G,2016,S92009G
S99112K,2016,S92009K
S99112P,2016,S92009P
S99112S,2016,S92009S
S99119A,2016,S92009A
S99119B,2016,S92009B
S99119D,2016,S92009D
S99119G,2016,S92009G
S99119K,2016,S92009K
S99119P,2016,S92009P
S99119S,2016,S92009S
S99121A,2016,S92009A
S99121B,2016,S92009B
S99121D,2016,S92009D
S99121G,2016,S92009G
S99121K,2016,S92009K
S99121P,2016,S92009P
S99121S,2016,S92009S
S99122A,2016,S92009A
S99122B,2016,S92009B
S99122D,2016,S92009D
S99122G,2016,S92009G
S99122K,2016,S92009K
S99122P,2016,S92009P
S99122S,2016,S92009S
S99129A,2016,S92009A
S99129B,2016,S92009B
S99129D,2016,S92009D
S99129G,2016,S92009G
S99129K,2016,S92009K
S99129P,2016,S92009P
S99129S,2016,S92009S
S99131A,2016,S92009A
S99131B,2016,S92009B
S99131D,2016,S92009D
S99131G,2016,S92009G
S99131K,2016,S92009K
S99131P,2016,S92009P
S99131S,2016,S92009S
S99132A,2016,S92009A
S99132B,2016,S92009B
S99132D,2016,S92009D
S99132G,2016,S92009G
S99132K,2016,S92009K
S99132P,2016,S92009P
S99132S,2016,S92009S
S99139A,2016,S92009A
S99139B,2016,S92009B
S99139D,2016,S92009D
S99139G,2016,S92009G
S99139K,2016,S92009K
S99139P,2016,S92009P
S99139S,2016,S92009S
S99141A,2016,S92009A
S99141B,2016,S92009B
S99141D,2016,S92009D
S99141G,2016,S92009G
S99141K,2016,S92009K
S99141P,2016,S92009P
S99141S,2016,S92009S
S99142A,2016,S92009A
S99142B,2016,S92009B
S99142D,2016,S92009D
S99142G,2016,S92009G
S99142K,2016,S92009K
S99142P,2016,S92009P
S99142S,2016,S92009S
S99149A,2016,S92009A
S99149B,2016,S92009B
S99149D,2016,S92009D
S99149G,2016,S92009G
S99149K,2016,S92009K
S99149P,2016,S92009P
S99149S,2016,S92009S
S99191A,2016,S92009A
S99191B,2016,S92009B
S99191D,2016,S92009D
S99191G,2016,S92009G
S99191K,2016,S92009K
S99191P,2016,S92009P
S99191S,2016,S92009S
S99192A,2016,S92009A
S99192B,2016,S92009B
S99192D,2016,S92009D
S99192G,2016,S92009G
S99192K,2016,S92009K
S99192P,2016,S92009P
S99192S,2016,S92009S
S99199A,2016,S92009A
S99199B,2016,S92009B
S99199D,2016,S92009D
S99199G,2016,S92009G
S99199K,2016,S92009K
S99199P,2016,S92009P
S99199S,2016,S92009S
S99201A,2016,S92009A
S99201B,2016,S92009B
S99201D,2016,S92009D
S99201G,2016,S92009G
S99201K,2016,S92009K
S99201P,2016,S92009P
S99201S,2016,S92009S
S99202A,2016,S92009A
S99202B,2016,S92009B
S99202D,2016,S92009D
S99202G,2016,S92009G
S99202K,2016,S92009K
S99202P,2016,S92009P
S99202S,2016,S92009S
S99209A,2016,S92009A
S99209B,2016,S92009B
S99209D,2016,S92009D
S99209G,2016,S92009G
S99209K,2016,S92009K
S99209P,2016,S92009P
S99209S,2016,S92009S
S99211A,2016,S92009A
S99211B,2016,S92009B
S99211D,2016,S92009D
S99211G,2016,S92009G
S99211K,2016,S92009K
S99211P,2016,S92009P
S99211S,2016,S92009S
S99212A,2016,S92009A
S99212B,2016,S92009B
S99212D,2016,S92009D
S99212G,2016,S92009G
S99212K,2016,S92009K
S99212P,2016,S92009P
S99212S,2016,S92009S
S99219A,2016,S92009A
S99219B,2016,S92009B
S99219D,2016,S92009D
S99219G,2016,S92009G
S99219K,2016,S92009K
S99219P,2016,S92009P
S99219S,2016,S92009S
S99221A,2016,S92009A
S99221B,2016,S92009B
S99221D,2016,S92009D
S99221G,2016,S92009G
S99221K,2016,S92009K
S99221P,2016,S92009P
S99221S,2016,S92009S
S99222A,2016,S92009A
S99222B,2016,S92009B
S99222D,2016,S92009D
S99222G,2016,S92009G
S99222K,2016,S92009K
S99222P,2016,S92009P
S99222S,2016,S92009S
S99229A,2016,S92009A
S99229B,2016,S92009B
S99229D,2016,S92009D
S99229G,2016,S92009G
S99229K,2016,S92009K
S99229P,2016,S92009P
S99229S,2016,S92009S
S99231A,2016,S92009A
S99231B,2016,S92009B
S99231D,2016,S92009D
S99231G,2016,S92009G
S99231K,2016,S92009K
S99231P,2016,S92009P
S99231S,2016,S92009S
S99232A,2016,S92009A
S99232B,2016,S92009B
S99232D,2016,S92009D
S99232G,2016,S92009G
S99232K,2016,S92009K
S99232P,2016,S92009P
S99232S,2016,S92009S
S99239A,2016,S92009A
S99239B,2016,S92009B
S99239D,2016,S92009D
S99239G,2016,S92009G
S99239K,2016,S92009K
S99239P,2016,S92009P
S99239S,2016,S92009S
S99241A,2016,S92009A
S99241B,2016,S92009B
S99241D,2016,S92009D
S99241G,2016,S92009G
S99241K,2016,S92009K
S99241P,2016,S92009P
S99241S,2016,S92009S
S99242A,2016,S92009A
S99242B,2016,S92009B
S99242D,2016,S92009D
S99242G,2016,S92009G
S99242K,2016,S92009K
S99242P,2016,S92009P
S99242S,2016,S92009S
S99249A,2016,S92009A
S99249B,2016,S92009B
S99249D,2016,S92009D
S99249G,2016,S92009G
S99249K,2016,S92009K
S99249P,2016,S92009P
S99249S,2016,S92009S
S99291A,2016,S92009A
S99291B,2016,S92009B
S99291D,2016,S92009D
S99291G,2016,S92009G
S99291K,2016,S92009K
S99291P,2016,S92009P
S99291S,2016,S92009S
S99292A,2016,S92009A
S99292B,2016,S92009B
S99292D,2016,S92009D
S99292G,2016,S92009G
S99292K,2016,S92009K
S99292P,2016,S92009P
S99292S,2016,S92009S
S99299A,2016,S92009A
S99299B,2016,S92009B
S99299D,2016,S92009D
S99299G,2016,S92009G
S99299K,2016,S92009K
S99299P,2016,S92009P
S99299S,2016,S92009S
T07XXXA,2017,T07
T07XXXD,2017,T07
T07XXXS,2017,T07
T148XXA,2017,T148
T148XXD,2017,T148
T148XXS,2017,T148
T1490XA,2017,T1490
T1490XD,2017,T1490
T1490XS,2017,T1490
T1491XA,2017,T1491
T1491XD,2017,T1491
T1491XS,2017,T1491
T43641A,2018,T43621A
T43641D,2018,T43621D
T43641S,2018,T43621S
T43642A,2018,T43622A
T43642D,2018,T43622D
T43642S,2018,T43622S
T43643A,2018,T43623A
T43643D,2018,T43623D
T43643S,2018,T43623S
T43644A,2018,T43624A
T43644D,2018,T43624D
T43644S,2018,T43624S
T7451XA,2018,T7421XA
T7451XD,2018,T7421XD
T7451XS,2018,T7421XS
T7452XA,2018,T7422XA
T7452XD,2018,T7422XD
T7452XS,2018,T7422XS
T7461XA,2018,T7411XA
T7461XD,2018,T7411XD
T7461XS,2018,T7411XS
T7462XA,2018,T7412XA
T7462XD,2018,T7412XD
T7462XS,2018,T7412XS
T7651XA,2018,T7621XA
T7651XD,2018,T7621XD
T7651XS,2018,T7621XS
T7652XA,2018,T7622XA
T7652XD,2018,T7622XD
T7652XS,2018,T7622XS
T7661XA,2018,T7611XA
T7661XD,2018,T7611XD
T7661XS,2018,T7611XS
T7662XA,2018,T7612XA
T7662XD,2018,T7612XD
T7662XS,2018,T7612XS
T8140XA,2018,T814XXA
T8140XD,2018,T814XXD
T8140XS,2018,T814XXS
T8141XA,2018,T814XXA
T8141XD,2018,T814XXD
T8141XS,2018,T814XXS
T8142XA,2018,T814XXA
T8142XD,2018,T814XXD
T8142XS,2018,T814XXS
T8143XA,2018,T814XXA
T8143XD,2018,T814XXD
T8143XS,2018,T814XXS
T8144XA,2018,T814XXA
T8144XD,2018,T814XXD
T8144XS,2018,T814XXS
T8149XA,2018,T814XXA
T8149XD,2018,T814XXD
T8149XS,2018,T814XXS
T82855A,2016,T82857A
T82855D,2016,T82857D
T82855S,2016,T82857S
T82856A,2016,T82858A
T82856D,2016,T82858D
T82856S,2016,T82858S
T83011A,2016,T83018A
T83011D,2016,T83018D
T83011S,2016,T83018S
T83012A,2016,T83018A
T83012D,2016,T83018D
T83012S,2016,T83018S
T83021A,2016,T83028A
T83021D,2016,T83028D
T83021S,2016,T83028S
T83022A,2016,T83028A
T83022D,2016,T83028D
T83022S,2016,T83028S
T83031A,2016,T83038A
T83031D,2016,T83038D
T83031S,2016,T83038S
T83032A,2016,T83038A
T83032D,2016,T83038D
T83032S,2016,T83038S
T83091A,2016,T83098A
T83091D,2016,T83098D
T83091S,2016,T83098S
T83092A,2016,T83098A
T83092D,2016,T83098D
T83092S,2016,T83098S
T83113A,2016,T83118A
T83113D,2016,T83118D
T83113S,2016,T83118S
T83123A,2016,T83128A
T83123D,2016,T83128D
T83123S,2016,T83128S
T83193A,2016,T83198A
T83193D,2016,T83198D
T83193S,2016,T83198S
T8324XA,2016,T8329XA
T8324XD,2016,T8329XD
T8324XS,2016,T8329XS
T8325XA,2016,T8329XA
T8325XD,2016,T8329XD
T8325XS,2016,T8329XS
T83411A,2016,T83418A
T83411D,2016,T83418D
T83411S,2016,T83418S
T83421A,2016,T83428A
T83421D,2016,T83428D
T83421S,2016,T83428S
T83491A,2016,T83498A
T83491D,2016,T83498D
T83491S,2016,T83498S
T83510A,2016,T8351XA
T83510D,2016,T8351XD
T83510S,2016,T8351XS
T83511A,2016,T8351XA
T83511D,2016,T8351XD
T83511S,2016,T8351XS
T83512A,2016,T8351XA
T83512D,2016,T8351XD
T83512S,2016,T8351XS
T83518A,2016,T8351XA
T83518D,2016,T8351XD
T83518S,2016,T8351XS
T83590A,2016,T8359XA
T83590D,2016,T8359XD
T83590S,2016,T8359XS
T83591A,2016,T8359XA
T83591D,2016,T8359XD
T83591S,2016,T8359XS
T83592A,2016,T8359XA
T83592D,2016,T8359XD
T83592S,2016,T8359XS
T83593A,2016,T8359XA
T83593D,2016,T8359XD
T83593S,2016,T8359XS
T83598A,2016,T8359XA
T83598D,2016,T8359XD
T83598S,2016,T8359XS
T8361XA,2016,T836XXA
T8361XD,2016,T836XXD
T8361XS,2016,T836XXS
T8362XA,2016,T836XXA
T8362XD,2016,T836XXD
T8362XS,2016,T836XXS
T8369XA,2016,T836XXA
T8369XD,2016,T836XXD
T8369XS,2016,T836XXS
T83712A,2016,T83718A
T83712D,2016,T83718D
T83712S,2016,T83718S
T83713A,2016,T83718A
T83713D,2016,T83718D
T83713S,2016,T83718S
T83714A,2016,T83718A
T83714D,2016,T83718D
T83714S,2016,T83718S
T83719A,2016,T83718A
T83719D,2016,T83718D
T83719S,2016,T83718S
T83722A,2016,T83728A
T83722D,2016,T83728D
T83722S,2016,T83728S
T83723A,2016,T83728A
T83723D,2016,T83728D
T83723S,2016,T83728S
T83724A,2016,T83728A
T83724D,2016,T83728D
T83724S,2016,T83728S
T83729A,2016,T83728A
T83729D,2016,T83728D
T83729S,2016,T83728S
T8379XA,2016,T8389XA
T8379XD,2016,T8389XD
T8379XS,2016,T8389XS
T85113A,2016,"T85110A,T85111A,T85112A,T85118A"
T85113D,2016,"T85110D,T85111D,T85112D,T85118D"
T85113S,2016,"T85110S,T85111S,T85112S,T85118S"
T85123A,2016,"T85120A,T85121A,T85122A,T85128A"
T85123D,2016,"T85120A,T85121A,T85122A,T85128A"
T85123S,2016,"T85120A,T85121A,T85122A,T85128A"
T85193A,2016,"T85190A,T85191A,T85192A,T85198A"
T85193D,2016,"T85190A,T85191A,T85192A,T85198A"
T85193S,2016,"T85190A,T85191A,T85192A,T85198A"
T85615A,2016,T85618A
T85615D,2016,T85618D
T85615S,2016,T85618S
T85625A,2016,T85628A
T85625D,2016,T85628D
T85625S,2016,T85628S
T85635A,2016,T85638A
T85635D,2016,T85638D
T85635S,2016,T85638S
T85695A,2016,T85698A
T85695D,2016,T85698D
T85695S,2016,T85698S
T85730A,2016,T8579XA
T85730D,2016,T8579XD
T85730S,2016,T8579XS
T85731A,2016,T8579XA
T85731D,2016,T8579XD
T85731S,2016,T8579XS
T85732A,2016,T8579XA
T85732D,2016,T8579XD
T85732S,2016,T8579XS
T85733A,2016,T8579XA
T85733D,2016,T8579XD
T85733S,2016,T8579XS
T85734A,2016,T8579XA
T85734D,2016,T8579XD
T85734S,2016,T8579XS
T85735A,2016,T8579XA
T85735D,2016,T8579XD
T85735S,2016,T8579XS
T85738A,2016,T8579XA
T85738D,2016,T8579XD
T85738S,2016,T8579XS
T85810A,2016,T8581XA
T85810D,2016,T8581XD
T85810S,2016,T8581XS
T85818A,2016,T8581XA
T85818D,2016,T8581XD
T85818S,2016,T8581XS
T85820A,2016,T8582XA
T85820D,2016,T8582XD
T85820S,2016,T8582XS
T85828A,2016,T8582XA
T85828D,2016,T8582XD
T85828S,2016,T8582XS
T85830A,2016,T8583XA
T85830D,2016,T8583XD
T85830S,2016,T8583XS
T85838A,2016,T8583XA
T85838D,2016,T8583XD
T85838S,2016,T8583XS
T85840A,2016,T8584XA
T85840D,2016,T8584XD
T85840S,2016,T8584XS
T85848A,2016,T8584XA
T85848D,2016,T8584XD
T85848S,2016,T8584XS
T85850A,2016,T8585XA
T85850D,2016,T8585XD
T85850S,2016,T8585XS
T85858A,2016,T8585XA
T85858D,2016,T8585XD
T85858S,2016,T8585XS
T85860A,2016,T8586XA
T85860D,2016,T8586XD
T85860S,2016,T8586XS
T85868A,2016,T8586XA
T85868D,2016,T8586XD
T85868S,2016,T8586XS
T85890A,2016,T8589XA
T85890D,2016,T8589XD
T85890S,2016,T8589XS
T85898A,2016,T8589XA
T85898D,2016,T8589XD
T85898S,2016,T8589XS
T8853XA,2016,T8859XA
T8853XD,2016,T8859XD
T8853XS,2016,T8859XS
V470XXA,2016,"V4701XA,V4702XA"
V470XXD,2016,"V4701XD,V4702XD"
V470XXS,2016,"V4701XS,V4702XS"
V471XXA,2016,"V4711XA,V4712XA"
V471XXD,2016,"V4711XD,V4712XD"
V471XXS,2016,"V4711XS,V4712XS"
V473XXA,2016,"V4731XA,V4732XA"
V473XXD,2016,"V4731XD,V4732XD"
V473XXS,2016,"V4731XS,V4732XS"
V475XXA,2016,"V4751XA,V4752XA"
V475XXD,2016,"V4751XD,V4752XD"
V475XXS,2016,"V4751XS,V4752XS"
V476XXA,2016,"V4761XA,V4762XA"
V476XXD,2016,"V4761XD,V4762XD"
V476XXS,2016,"V4761XS,V4762XS"
V479XXA,2016,"V4791XA,V4792XA"
V479XXD,2016,"V4791XD,V4792XD"
V479XXS,2016,"V4791XS,V4792XS"
V8605XA,2017,V8609XA
V8605XD,2017,V8609XD
V8605XS,2017,V8609XS
V8606XA,2017,V8609XA
V8606XD,2017,V8609XD
V8606XS,2017,V8609XS
V8615XA,2017,V8619XA
V8615XD,2017,V8619XD
V8615XS,2017,V8619XS
V8616XA,2017,V8619XA
V8616XD,2017,V8619XD
V8616XS,2017,V8619XS
V8625XA,2017,V8629XA
V8625XD,2017,V8629XD
V8625XS,2017,V8629XS
V8626XA,2017,V8629XA
V8626XD,2017,V8629XD
V8626XS,2017,V8629XS
V8635XA,2017,V8639XA
V8635XD,2017,V8639XD
V8635XS,2017,V8639XS
V8636XA,2017,V8639XA
V8636XD,2017,V8639XD
V8636XS,2017,V8639XS
V8645XA,2017,V8649XA
V8645XD,2017,V8649XD
V8645XS,2017,V8649XS
V8646XA,2017,V8649XA
V8646XD,2017,V8649XD
V8646XS,2017,V8649XS
V8655XA,2017,V8659XA
V8655XD,2017,V8659XD
V8655XS,2017,V8659XS
V8656XA,2017,V8659XA
V8656XD,2017,V8659XD
V8656XS,2017,V8659XS
V8665XA,2017,V8669XA
V8665XD,2017,V8669XD
V8665XS,2017,V8669XS
V8666XA,2017,V8669XA
V8666XD,2017,V8669XD
V8666XS,2017,V8669XS
V8675XA,2017,V8679XA
V8675XD,2017,V8679XD
V8675XS,2017,V8679XS
V8676XA,2017,V8679XA
V8676XD,2017,V8679XD
V8676XS,2017,V8679XS
V8695XA,2017,V8699XA
V8695XD,2017,V8699XD
V8695XS,2017,V8699XS
V8696XA,2017,V8699XA
V8696XD,2017,V8699XD
V8696XS,2017,V8699XS
W262XXA,2016,W451XXA
W262XXD,2016,W451XXD
W262XXS,2016,W451XXS
W268XXA,2016,W452XXA
W268XXD,2016,W452XXD
W268XXS,2016,W452XXS
W269XXA,2016,W458XXA
W269XXD,2016,W458XXD
W269XXS,2016,W458XXS
X500XXA,2016,Y9301-Y939
X500XXD,2016,Y9301-Y939
X500XXS,2016,Y9301-Y939
X501XXA,2016,Y9301-Y939
X501XXD,2016,Y9301-Y939
X501XXS,2016,Y9301-Y939
X503XXA,2016,Y9301-Y939
X503XXD,2016,Y9301-Y939
X503XXS,2016,Y9301-Y939
X509XXA,2016,Y9301-Y939
X509XXD,2016,Y9301-Y939
X509XXS,2016,Y9301-Y939
Y076,2018,Y0759
Y9385,2016,Y9389
Z0481,2018,Z048
Z0482,2018,Z048
Z0489,2018,Z048
Z050,2016,P0089
Z051,2016,P002
Z052,2016,P0089
Z053,2016,P003
Z0541,2016,P0089
Z0542,2016,P0089
Z0543,2016,P0089
Z055,2016,"P004,P0089"
Z056,2016,P001
Z0571,2016,P0089
Z0572,2016,P0089
Z0573,2016,P0089
Z058,2016,P0089
Z059,2016,P009
Z1330,2018,Z138
Z1331,2018,Z138
Z1332,2018,Z138
Z1339,2018,Z138
Z1340,2018,Z134
Z1341,2018,Z134
Z1342,2018,Z134
Z1349,2018,Z134
Z191,2016,R978
Z192,2016,R978
Z20821,2018,Z20828
Z2883,2018,Z2889
Z2911,2016,Z23
Z2912,2016,Z23
Z2913,2016,Z23
Z2914,2016,Z23
Z293,2016,Z7689
Z298,2016,Z7689
Z299,2016,Z7689
Z30015,2016,Z30018
Z30016,2016,Z30018
Z30017,2016,Z30018
Z3044,2016,Z3049
Z3045,2016,Z3049
Z3046,2016,Z3049
Z317,2016,Z3169
Z333,2016,Z331
Z360,2017,Z36
Z361,2017,Z36
Z362,2017,Z36
Z363,2017,Z36
Z364,2017,Z36
Z365,2017,Z36
Z3681,2017,Z36
Z3682,2017,Z36
Z3683,2017,Z36
Z3684,2017,Z36
Z3685,2017,Z36
Z3686,2017,Z36
Z3687,2017,Z36
Z3688,2017,Z36
Z3689,2017,Z36
Z368A,2017,Z36
Z369,2017,Z36
Z4003,2017,Z4009
Z516,2016,Z7689
Z5331,2016,Z538
Z5332,2016,Z538
Z5333,2016,Z538
Z5339,2016,Z538
Z62813,2018,Z62810
Z7182,2017,Z7189
Z7183,2017,Z315
Z7984,2016,Z79899
Z83430,2018,Z8349
Z83438,2018,Z8349
Z8342,2016,Z8349
Z8482,2016,Z8489
Z9142,2018,Z91410
Z91841,2017,Z9189
Z91842,2017,Z9189
Z91843,2017,Z9189
Z91849,2017,Z9189
Z9284,2016,Z9289
Z98890,2016,Z9889
Z98891,2016,Z9889
